{
  "total_return": 0.3734321843268473,
  "sharpe": 13.549787069045841,
  "max_dd": 0.011448746377701102,
  "n_trades": 472,
  "win_rate": 0.6703601108033241,
  "profit_factor": 2.7838451215432714,
  "timestamp": "2025-12-06T12:33:29.744652"
}