{"return": -180.88959010128528, "metrics": {"wr": 0.42348008385744235, "pf": 0.9097316000196363}}