{
  "return": -5.396809465208138,
  "trades": 576,
  "win_rate": 0.22395833333333334,
  "profit_factor": 0.2448958064068809,
  "by_pair": {
    "EURUSD": {
      "trades": 192,
      "pnl": -1.6539192146547128,
      "wins": 48
    },
    "GBPUSD": {
      "trades": 196,
      "pnl": -2.124486217281205,
      "wins": 38
    },
    "USDJPY": {
      "trades": 188,
      "pnl": -1.6184040332722212,
      "wins": 43
    }
  }
}