{
  "strategy": "hybrid",
  "total_return": -5.668927609403605,
  "n_trades": 247,
  "win_rate": 0.4048582995951417,
  "profit_factor": 0.8007620303036286,
  "timestamp": "2025-12-06T13:03:33.581691"
}