{
  "total_return": -0.3917228088681074,
  "trades": 2,
  "win_rate": 0.5,
  "top_features": [
    [
      "vol_50",
      0.10238046189724484
    ],
    [
      "vol_20",
      0.06970115706539803
    ],
    [
      "atr_ratio",
      0.05913729972515179
    ],
    [
      "vol_10",
      0.052183598867468615
    ],
    [
      "ema_20_50_diff",
      0.05172796361911661
    ],
    [
      "atr_pct",
      0.047789222944546815
    ],
    [
      "atr_7",
      0.04438928294919523
    ],
    [
      "rsi_14",
      0.03972785965534504
    ],
    [
      "macd_hist",
      0.03932606704733376
    ],
    [
      "rsi_7",
      0.037808962909949735
    ]
  ]
}