{
  "timestamp": "2025-12-10T13:13:29.986874",
  "step": 550,
  "feature_importance": {
    "ret_lag1": 0.014551688755760978,
    "ret_lag2": 0.03848327571190585,
    "ret_lag5": 0.048623348872614054,
    "vol_20": 0.158736292931337,
    "vol_50": 0.03765852304007709,
    "efficiency_ratio": 0.04955525362667475,
    "vol_imb": 0.05422909671319428,
    "rsi": 0.02393303733046186,
    "atr_norm": 0.15238095238095237,
    "vol_ratio": 0.15401600266812537,
    "trend_4h": 0.1335163986342954,
    "vol_4h": 0.008112380246728642,
    "rsi_4h": 0.036887378932815594,
    "trend_1d": 0.0697745238369801,
    "vol_1d": 0.0,
    "rsi_1d": 0.019541846318076657
  },
  "model_type": "RandomForestClassifier"
}