{"return": -13.833163117434427, "trades": 1182, "wr": 0.15736040609137056, "pf": 0.2557963148125352}