{
  "cash": -0.05102972629474219,
  "holdings": {
    "MT5|USDCHF|1d|sma": 4496.312703816341,
    "MT5|EURUSD|1d|sma": 3134.706364347696,
    "MT5|USDCHF|1d|ema": 4496.312703816341,
    "MT5|EURUSD|1d|ema": 3134.706364347696,
    "MT5|GBPUSD|1d|sma": 2754.1778574982554,
    "MT5|GBPUSD|1d|ema": 2754.177857498255,
    "MT5|USDJPY|1d|ema": 23.565667905399962,
    "MT5|USDJPY|1d|sma": 23.565667905399955,
    "MT5|AUDUSD|1h|ema": 5577.912087017473,
    "MT5|USDJPY|4h|sma": 29.3111058237618,
    "MT5|GBPUSD|1h|sma": 2754.1778574982554,
    "MT5|EURUSD|4h|ema": 3134.706364347696,
    "MT5|USDJPY|4h|ema": 29.311105823761793,
    "MT5|EURUSD|4h|sma": 3134.706364347695,
    "MT5|AUDUSD|4h|ema": 5577.912087017473,
    "MT5|AUDUSD|4h|sma": 5577.912087017471,
    "MT5|GBPUSD|4h|sma": 3416.1439696106377,
    "MT5|USDCHF|4h|ema": 5587.865513427534,
    "MT5|USDCHF|4h|sma": 4496.312703816325,
    "MT5|AUDUSD|1d|sma": 7703.566751405872,
    "MT5|AUDUSD|1h|sma": 5577.912087017473,
    "MT5|EURUSD|1h|sma": 3888.460873249914,
    "MT5|USDJPY|1h|sma": 23.565667905399962,
    "MT5|USDJPY|1h|ema": 23.565667905399962,
    "MT5|GBPUSD|1h|ema": 2754.1778574982554,
    "MT5|USDCHF|1h|sma": 4496.312703816341
  }
}