{
  "cash": -1.732910633563102e-05,
  "holdings": {
    "MT5|USDCHF|1d|sma": 4496.312703816341,
    "MT5|EURUSD|1d|sma": 3134.706364347696,
    "MT5|USDCHF|1d|ema": 4496.312703816341,
    "MT5|EURUSD|1d|ema": 3134.706364347696,
    "MT5|GBPUSD|1d|sma": 2754.1778574982554,
    "MT5|GBPUSD|1d|ema": 2754.177857498255,
    "MT5|USDJPY|1d|ema": 23.565667905399962,
    "MT5|USDJPY|1d|sma": 23.565667905399955,
    "MT5|AUDUSD|1h|ema": 5577.912087017473,
    "MT5|USDJPY|4h|sma": 29.3111058237618,
    "MT5|GBPUSD|1h|sma": 2754.1778574982554,
    "MT5|EURUSD|4h|ema": 3134.706364347696,
    "MT5|USDJPY|4h|ema": 29.311105823761793,
    "MT5|EURUSD|4h|sma": 3134.706364347695,
    "MT5|AUDUSD|4h|ema": 5577.912087017473,
    "MT5|AUDUSD|4h|sma": 5577.912087017471,
    "MT5|GBPUSD|4h|sma": 3416.1439696106377,
    "MT5|USDCHF|4h|ema": 5587.865513427534,
    "MT5|USDCHF|4h|sma": 4496.312703816325,
    "MT5|AUDUSD|1d|sma": 7703.566751405872,
    "MT5|AUDUSD|1h|sma": 5577.912087017473,
    "MT5|EURUSD|1h|sma": 3888.460873249914,
    "MT5|USDJPY|1h|sma": 23.565667905399962,
    "MT5|USDJPY|1h|ema": 23.565667905399962,
    "MT5|GBPUSD|1h|ema": 2754.1778574982554,
    "MT5|USDCHF|1h|sma": 4496.312703816341,
    "BINANCE|BTC/USDT|4h|ema": -1.6526045440210907e-08,
    "BINANCE|BTC/USDT|4h|sma": -2.748868920973016e-08,
    "BINANCE|BTC/USDT|1h|ema": -2.7487209304554617e-08,
    "BINANCE|BTC/USDT|1h|sma": -2.748721225829846e-08,
    "BINANCE|USDC/USDT|1d|sma": -0.002556139889157116,
    "BINANCE|USDC/USDT|1d|ema": -0.002556395349869603,
    "BINANCE|USDC/USDT|4h|sma": -0.002556139889157116,
    "BINANCE|USDC/USDT|4h|ema": -0.0015313040572664351,
    "BINANCE|ETH/USDT|1h|sma": -8.372735115985969e-07,
    "BINANCE|ETH/USDT|1h|ema": -8.373420322897995e-07,
    "BINANCE|SOL/USDT|1h|sma": -1.0859442775894842e-05,
    "BINANCE|SOL/USDT|1h|ema": -1.0857903848271246e-05,
    "BINANCE|ETH/USDT|1d|bollinger": -5.096452881371985e-07,
    "BINANCE|ETH/USDT|4h|bollinger": -5.095673298860144e-07,
    "BINANCE|ZEC/USDT|4h|bollinger": -2.1488031215998788e-06,
    "BINANCE|BTC/USDT|1h|bollinger": -1.6521344507465155e-08,
    "BINANCE|BTC/USDT|1d|bollinger": -1.6521346286267593e-08,
    "BINANCE|ZEC/USDT|4h|rsi": -2.1471170537719757e-06,
    "BINANCE|BTC/USDT|4h|macd": -1.6521346286267593e-08,
    "BINANCE|SOL/USDT|1h|bollinger": -1.085867325755755e-05,
    "BINANCE|SOL/USDT|1d|bollinger": -1.085867325755755e-05,
    "BINANCE|ETH/USDT|1h|bollinger": -5.095266654828914e-07,
    "BINANCE|ETH/USDT|1h|macd": -5.095266654828912e-07,
    "BINANCE|USDC/USDT|1h|rsi": -0.0015313040572664351,
    "BINANCE|USDC/USDT|1h|bollinger": -0.0015313040572664351,
    "BINANCE|USDC/USDT|1d|bollinger": -0.0015313040572664347,
    "BINANCE|ZEC/USDT|1d|rsi": -2.1479597568109804e-06,
    "BINANCE|ZEC/USDT|1h|bollinger": -2.1484415984668993e-06,
    "BINANCE|ETH/USDT|1h|hurst": -1.241073496027666e-09,
    "BINANCE|USDC/USDT|1d|kalman": -2.087718758920994e-06,
    "BINANCE|XRP/USDT|1h|liquidity": -1.6641375299704435e-06,
    "BINANCE|TNSR/USDT|1h|hurst": -1.5031247877715157e-05,
    "BINANCE|SOL/USDT|1h|kalman": -2.658332368380065e-08,
    "BINANCE|ETH/USDC|1h|hurst": -1.2572091846322413e-09,
    "BINANCE|FDUSD/USDT|1d|kalman": -2.0952768365522273e-06,
    "BINANCE|ZEC/USDT|1h|hurst": -5.454117884872984e-09,
    "BINANCE|SOL/USDT|1h|hurst": -2.4264241762315993e-08,
    "BINANCE|XRP/USDT|1h|hurst": -1.612950153280618e-06,
    "BINANCE|BNB/USDT|1d|ml": -2.557152074487593e-09,
    "BINANCE|XRP/USDT|4h|ml": -9.503498741811348e-07,
    "BINANCE|SOL/USDT|1d|stat_arb": -1.5978989366087246e-08,
    "BINANCE|ZEC/USDT|4h|stat_arb": -4.410532408815715e-09,
    "MT5|USDJPY|4h|liquidity": -1.12151828363299e-08,
    "MT5|GBPUSD|1h|hurst": -1.0892328497269113e-06,
    "MT5|USDJPY|1h|kalman": -1.12151828363299e-08,
    "MT5|USDJPY|4h|kalman": -1.12151828363299e-08,
    "MT5|GBPUSD|1d|hurst": -1.0892328497269113e-06,
    "MT5|GBPUSD|4h|stat_arb": -1.0892328497269113e-06,
    "MT5|USDJPY|1d|stat_arb": -3.342662400331188e-09,
    "MT5|GBPUSD|1d|stat_arb": -1.0892328497269111e-06
  }
}