{
  "cash": -0.020443570620086095,
  "holdings": {
    "MT5|USDCHF|1d|sma": 4496.312703816341,
    "MT5|EURUSD|1d|sma": 3134.706364347696,
    "MT5|USDCHF|1d|ema": 4496.312703816341,
    "MT5|EURUSD|1d|ema": 3134.706364347696,
    "MT5|GBPUSD|1d|sma": 2754.1778574982554,
    "MT5|GBPUSD|1d|ema": 2754.177857498255,
    "MT5|USDJPY|1d|ema": 23.565667905399962,
    "MT5|USDJPY|1d|sma": 23.565667905399955,
    "MT5|AUDUSD|1h|ema": 5577.912087017473,
    "MT5|USDJPY|4h|sma": 29.3111058237618,
    "MT5|GBPUSD|1h|sma": 2754.1778574982554,
    "MT5|EURUSD|4h|ema": 3134.706364347696,
    "MT5|USDJPY|4h|ema": 29.311105823761793,
    "MT5|EURUSD|4h|sma": 3134.706364347695,
    "MT5|AUDUSD|4h|ema": 5577.912087017473,
    "MT5|AUDUSD|4h|sma": 5577.912087017471,
    "MT5|GBPUSD|4h|sma": 3416.1439696106377,
    "MT5|USDCHF|4h|ema": 5587.865513427534,
    "MT5|USDCHF|4h|sma": 4496.312703816325,
    "MT5|AUDUSD|1d|sma": 7703.566751405872,
    "MT5|AUDUSD|1h|sma": 5577.912087017473,
    "MT5|EURUSD|1h|sma": 3888.460873249914,
    "MT5|USDJPY|1h|sma": 23.565667905399962,
    "MT5|USDJPY|1h|ema": 23.565667905399962,
    "MT5|GBPUSD|1h|ema": 2754.1778574982554,
    "MT5|USDCHF|1h|sma": 4496.312703816341,
    "BINANCE|BTC/USDT|4h|ema": -2.7540889291974685e-08,
    "BINANCE|BTC/USDT|4h|sma": -2.754089226056377e-08,
    "BINANCE|BTC/USDT|1h|ema": -2.754089226056377e-08,
    "BINANCE|BTC/USDT|1h|sma": -2.7540892260563766e-08,
    "BINANCE|USDC/USDT|1d|sma": -0.0025543218059431287,
    "BINANCE|USDC/USDT|1d|ema": -0.002554577187047502,
    "BINANCE|USDC/USDT|4h|sma": -0.0025545771870475018,
    "BINANCE|USDC/USDT|4h|ema": -0.002554577187047502,
    "BINANCE|ETH/USDT|1h|sma": -8.214343911901906e-07,
    "BINANCE|ETH/USDT|1h|ema": -8.214343911901906e-07,
    "BINANCE|SOL/USDT|1h|sma": -1.822719433931311e-05,
    "BINANCE|SOL/USDT|1h|ema": -1.822719433931311e-05
  }
}