{
  "total_return": -4.572000267404975,
  "n_trades": 114,
  "win_rate": 0.3157894736842105,
  "avg_win": 0.304023295803722,
  "avg_loss": 0.19893383226075598,
  "profit_factor": 0.7053523406374518,
  "timestamp": "2025-12-06T12:58:15.719819"
}