{
  "high_water_mark": -1.2503887711412291e-05,
  "start_day_equity": -1.612140968403065e-05,
  "current_date": "2025-12-08",
  "returns_history": []
}