{
  "high_water_mark": -0.020423051421401574,
  "start_day_equity": -0.020423051421401574,
  "current_date": "2025-11-18",
  "returns_history": []
}