{
  "high_water_mark": -1.600409071745059e-05,
  "start_day_equity": -7.054410680240776e-05,
  "current_date": "2025-11-21",
  "returns_history": []
}