{
  "high_water_mark": -1.2503887711412291e-05,
  "start_day_equity": -2.886837390945222e-05,
  "current_date": "2025-11-27",
  "returns_history": []
}