{
  "high_water_mark": -1.600409071745059e-05,
  "start_day_equity": -0.020443570620086095,
  "current_date": "2025-11-20",
  "returns_history": []
}