{"return": -7.227717580248726, "trades": 577, "wr": 0.14558058925476602, "pf": 0.1678424078573029}