{"return": -0.22669307697840627, "trades": 12, "wr": 0.25, "pf": 0.5305816460629422}